[{"descripcion":"Prueba 1 ","id":1,"id_Familia":1,"id_Generador":1},{"descripcion":"Prueba 2","id":2,"id_Familia":2,"id_Generador":2},{"descripcion":"Prueba 3","id":3,"id_Familia":3,"id_Generador":3},{"descripcion":"Prueba 4","id":4,"id_Familia":4,"id_Generador":4},{"descripcion":"Prueba 5","id":5,"id_Familia":5,"id_Generador":5},{"descripcion":"Prueba 6","id":6,"id_Familia":6,"id_Generador":6},{"descripcion":"Prueba 7","id":7,"id_Familia":7,"id_Generador":7},{"descripcion":"Prueba 7","id":8,"id_Familia":8,"id_Generador":8},{"descripcion":"Prueba 8","id":9,"id_Familia":9,"id_Generador":9},{"descripcion":"Prueba 9","id":10,"id_Familia":10,"id_Generador":10},{"descripcion":"Prueba 10","id":11,"id_Familia":11,"id_Generador":11},{"descripcion":"Prueba 11","id":12,"id_Familia":12,"id_Generador":12},{"descripcion":"Prueba 12","id":13,"id_Familia":13,"id_Generador":13},{"descripcion":"Prueba 13","id":14,"id_Familia":13,"id_Generador":13},{"descripcion":"Prueba 14","id":15,"id_Familia":14,"id_Generador":14},{"descripcion":"Prueba 15","id":16,"id_Familia":15,"id_Generador":15}]