[{"id":1,"codigoFamilia":"0068850857","nroIntegrantes":1,"nombreFamilia":"AFamilia","saldo":213.3},{"id":2,"codigoFamilia":"0068850858","nroIntegrantes":2,"nombreFamilia":"BFamilia","saldo":23.5},{"id":3,"codigoFamilia":"0068850859","nroIntegrantes":21231,"nombreFamilia":"CFamilia","saldo":2312.0},{"id":4,"codigoFamilia":"0068850851","nroIntegrantes":21,"nombreFamilia":"DFamilia","saldo":123.52},{"id":5,"codigoFamilia":"0068850852","nroIntegrantes":323,"nombreFamilia":"EFamilia","saldo":231.0},{"id":6,"codigoFamilia":"0068850853","nroIntegrantes":123,"nombreFamilia":"FFamilia","saldo":33.0},{"id":7,"codigoFamilia":"0068850854","nroIntegrantes":12,"nombreFamilia":"GFamilia","saldo":323232.0},{"id":8,"codigoFamilia":"0068850856","nroIntegrantes":12313,"nombreFamilia":"HFamilia","saldo":222.0},{"id":9,"codigoFamilia":"0057325302","nroIntegrantes":33,"nombreFamilia":"IFamilia","saldo":1235.1},{"id":10,"codigoFamilia":"0076639493","nroIntegrantes":4,"nombreFamilia":"JFamilia","saldo":2314.2},{"id":11,"codigoFamilia":"0076767567","nroIntegrantes":22,"nombreFamilia":"KFamilia","saldo":123.2},{"id":12,"codigoFamilia":"0076777467","nroIntegrantes":5,"nombreFamilia":"LFamilia","saldo":593.2},{"id":13,"codigoFamilia":"0076806834","nroIntegrantes":9,"nombreFamilia":"MFamilia","saldo":860.43},{"id":14,"codigoFamilia":"0076940859","nroIntegrantes":1,"nombreFamilia":"NFamilia","saldo":9605.3},{"id":15,"codigoFamilia":"0077013235","nroIntegrantes":8,"nombreFamilia":"OFamilia","saldo":9504.3}]