[
    {
        "id": 1,
        "codigoGenerador": "0062458216",
        "modelo": "AGenerador",
        "costo": 533.5,
        "consumoComustible": 3.444,
        "enegeriaGenerada": 153.33333,
        "uso": "DOMESTICO"
    },
    {
        "id": 2,
        "codigoGenerador": "0662455216",
        "modelo": "BGenerador",
        "costo": 533.57,
        "consumoComustible": 3.0,
        "enegeriaGenerada": 153.0,
        "uso": "INDUSTRIAL"
    },
    {
        "id": 3,
        "codigoGenerador": "0162455216",
        "modelo": "CGenerador",
        "costo": 22.0,
        "consumoComustible": 22.0,
        "enegeriaGenerada": 22.0,
        "uso": "DOMESTICO"
    },
    {
        "id": 4,
        "codigoGenerador": "0062455256",
        "modelo": "DGenerador",
        "costo": 23.1,
        "consumoComustible": 12.32,
        "enegeriaGenerada": 2231.1,
        "uso": "COMERCIAL"
    },
    {
        "id": 5,
        "codigoGenerador": "0562455216",
        "modelo": "EGenerador",
        "costo": 2932.0,
        "consumoComustible": 231.94,
        "enegeriaGenerada": 438.2,
        "uso": "INDUSTRIAL"
    },
    {
        "id": 6,
        "codigoGenerador": "0147242566",
        "modelo": "FGenerador",
        "costo": 533.5,
        "consumoComustible": 3.0,
        "enegeriaGenerada": 153.0,
        "uso": "COMERCIAL"
    },
    {
        "id": 7,
        "codigoGenerador": "0138242566",
        "modelo": "GGenerador",
        "costo": 2121.0,
        "consumoComustible": 2323.0,
        "enegeriaGenerada": 21.0,
        "uso": "DOMESTICO"
    },
    {
        "id": 8,
        "codigoGenerador": "0062455216",
        "modelo": "HGenerador",
        "costo": 33.0,
        "consumoComustible": 213.0,
        "enegeriaGenerada": 38.0,
        "uso": "INDUSTRIAL"
    },
    {
        "id": 9,
        "codigoGenerador": "0062555416",
        "modelo": "IGenerador",
        "costo": 33333.0,
        "consumoComustible": 3333.0,
        "enegeriaGenerada": 33333.0,
        "uso": "INDUSTRIAL"
    },
    {
        "id": 10,
        "codigoGenerador": "0137242566",
        "modelo": "JGenerador",
        "costo": 21231.0,
        "consumoComustible": 1231.0,
        "enegeriaGenerada": 122.0,
        "uso": "COMERCIAL"
    },
    {
        "id": 11,
        "codigoGenerador": "0062555216",
        "modelo": "KGenerador",
        "costo": 3333.5,
        "consumoComustible": 3.21,
        "enegeriaGenerada": 34.0,
        "uso": "COMERCIAL"
    },
    {
        "id": 12,
        "codigoGenerador": "0079459328",
        "modelo": "LGenerador",
        "costo": 222.0,
        "consumoComustible": 123.0,
        "enegeriaGenerada": 132.0,
        "uso": "DOMESTICO"
    },
    {
        "id": 13,
        "codigoGenerador": "0105146807",
        "modelo": "MGenerador",
        "costo": 322.42,
        "consumoComustible": 122.0,
        "enegeriaGenerada": 293.5,
        "uso": "DOMESTICO"
    },
    {
        "id": 14,
        "codigoGenerador": "0105241386",
        "modelo": "NGenerador",
        "costo": 2214.5,
        "consumoComustible": 22.5,
        "enegeriaGenerada": 125.2,
        "uso": "DOMESTICO"
    },
    {
        "id": 15,
        "codigoGenerador": "0105319214",
        "modelo": "OGenerador",
        "costo": 9284.0,
        "consumoComustible": 421.58,
        "enegeriaGenerada": 4212.21,
        "uso": "INDUSTRIAL"
    }
]