[{"id":1,"tipoDeCrud":"READ","horaFecha":"2024-12-03 10:38:35","mensaje":"Lectura realizada con exito:com.practicaListas.models.Familia@f5008ff"},{"id":2,"tipoDeCrud":"READ","horaFecha":"2024-12-03 11:10:16","mensaje":"Lectura realizada con exito:com.practicaListas.models.Familia@292d56bf"},{"id":3,"tipoDeCrud":"READ","horaFecha":"2024-12-03 11:11:11","mensaje":"Lectura realizada con exito:com.practicaListas.models.Familia@f5008ff"},{"id":4,"tipoDeCrud":"READ","horaFecha":"2024-12-03 11:12:47","mensaje":"Lectura realizada con exito:{ id\u003d\u00271\u0027, nroIntegrantes\u003d\u00271\u0027, nombreFamilia\u003d\u0027los pipiolos\u0027, saldo\u003d\u0027213.3\u0027}"},{"id":5,"tipoDeCrud":"READ","horaFecha":"2024-12-03 11:25:01","mensaje":"Generador leido con exito: { id\u003d\u00271\u0027, modelo\u003d\u0027Turbo biela\u0027, costo\u003d\u0027533.5\u0027, consumoComustible\u003d\u00273.444\u0027, enegeriaGenerada\u003d\u0027153.33333\u0027, uso\u003d\u0027DOMESTICO\u0027}"},{"id":6,"tipoDeCrud":"CREATE","horaFecha":"2024-12-03 11:48:33","mensaje":"Familia creada con exito:{ id\u003d\u00278\u0027, nroIntegrantes\u003d\u002712313\u0027, nombreFamilia\u003d\u0027Prueba 1\u0027, saldo\u003d\u0027222.0\u0027}"},{"id":7,"tipoDeCrud":"CREATE","horaFecha":"2024-12-03 12:23:56","mensaje":"Generador creada con exito: { id\u003d\u0027null\u0027, modelo\u003d\u0027Prueba1Atomico\u0027, costo\u003d\u002721231.0\u0027, consumoComustible\u003d\u00271231.0\u0027, enegeriaGenerada\u003d\u0027122.0\u0027, uso\u003d\u0027INDUSTRIAL\u0027}"},{"id":8,"tipoDeCrud":"CREATE","horaFecha":"2024-12-03 12:32:56","mensaje":"Generador creada con exito: { id\u003d\u0027null\u0027, modelo\u003d\u0027Pepito\u0027, costo\u003d\u00273333.5\u0027, consumoComustible\u003d\u00273.21\u0027, enegeriaGenerada\u003d\u002734.0\u0027, uso\u003d\u0027COMERCIAL\u0027}"},{"id":9,"tipoDeCrud":"CREATE","horaFecha":"2024-12-03 12:49:11","mensaje":"Generador creada con exito: { id\u003d\u0027null\u0027, modelo\u003d\u0027Yamaha-354\u0027, costo\u003d\u0027222.0\u0027, consumoComustible\u003d\u0027123.0\u0027, enegeriaGenerada\u003d\u0027132.0\u0027, uso\u003d\u0027COMERCIAL\u0027}"},{"id":10,"tipoDeCrud":"READ","horaFecha":"2024-12-03 12:49:29","mensaje":"Generador leido con exito: { id\u003d\u00277\u0027, modelo\u003d\u0027Benitocamelo\u0027, costo\u003d\u00272121.0\u0027, consumoComustible\u003d\u00272323.0\u0027, enegeriaGenerada\u003d\u002721.0\u0027, uso\u003d\u0027INDUSTRIAL\u0027}"},{"id":11,"tipoDeCrud":"UPDATE","horaFecha":"2024-12-03 12:49:42","mensaje":"Generador actutalizado con extio: { id\u003d\u00277\u0027, modelo\u003d\u0027Proyecto2\u0027, costo\u003d\u00272121.0\u0027, consumoComustible\u003d\u00272323.0\u0027, enegeriaGenerada\u003d\u002721.0\u0027, uso\u003d\u0027DOMESTICO\u0027}"},{"id":12,"tipoDeCrud":"READ","horaFecha":"2024-12-03 12:50:32","mensaje":"Generador leido con exito: { id\u003d\u00271\u0027, modelo\u003d\u0027Turbo biela\u0027, costo\u003d\u0027533.5\u0027, consumoComustible\u003d\u00273.444\u0027, enegeriaGenerada\u003d\u0027153.33333\u0027, uso\u003d\u0027DOMESTICO\u0027}"},{"id":13,"tipoDeCrud":"READ","horaFecha":"2024-12-03 12:50:38","mensaje":"Familia realizada con exito:{ id\u003d\u00276\u0027, nroIntegrantes\u003d\u0027123\u0027, nombreFamilia\u003d\u0027Los perez\u0027, saldo\u003d\u002733.0\u0027}"},{"id":14,"tipoDeCrud":"READ","horaFecha":"2024-12-03 12:52:41","mensaje":"Familia realizada con exito:{ id\u003d\u00272\u0027, nroIntegrantes\u003d\u00272\u0027, nombreFamilia\u003d\u0027Los Yakus Perez\u0027, saldo\u003d\u002723.5\u0027}"},{"id":15,"tipoDeCrud":"READ","horaFecha":"2024-12-03 15:53:08","mensaje":"Generador leido con exito: { id\u003d\u00271\u0027, modelo\u003d\u0027Turbo biela\u0027 codigoGerador\u003d 0062458216\u0027, costo\u003d\u0027533.5\u0027, consumoComustible\u003d\u00273.444\u0027, enegeriaGenerada\u003d\u0027153.33333\u0027, uso\u003d\u0027DOMESTICO\u0027}"},{"id":16,"tipoDeCrud":"UPDATE","horaFecha":"2024-12-03 15:53:19","mensaje":"Generador actutalizado con extio: { id\u003d\u00271\u0027, modelo\u003d\u0027Generador 1\u0027 codigoGerador\u003d 0062458216\u0027, costo\u003d\u0027533.5\u0027, consumoComustible\u003d\u00273.444\u0027, enegeriaGenerada\u003d\u0027153.33333\u0027, uso\u003d\u0027DOMESTICO\u0027}"},{"id":17,"tipoDeCrud":"READ","horaFecha":"2024-12-03 15:53:22","mensaje":"Generador leido con exito: { id\u003d\u00272\u0027, modelo\u003d\u0027Yakulion\u0027 codigoGerador\u003d 0662455216\u0027, costo\u003d\u0027533.57\u0027, consumoComustible\u003d\u00273.0\u0027, enegeriaGenerada\u003d\u0027153.0\u0027, uso\u003d\u0027DOMESTICO\u0027}"},{"id":18,"tipoDeCrud":"UPDATE","horaFecha":"2024-12-03 15:53:27","mensaje":"Generador actutalizado con extio: { id\u003d\u00272\u0027, modelo\u003d\u0027Generador 2\u0027 codigoGerador\u003d 0662455216\u0027, costo\u003d\u0027533.57\u0027, consumoComustible\u003d\u00273.0\u0027, enegeriaGenerada\u003d\u0027153.0\u0027, uso\u003d\u0027DOMESTICO\u0027}"},{"id":19,"tipoDeCrud":"READ","horaFecha":"2024-12-03 15:53:29","mensaje":"Generador leido con exito: { id\u003d\u00273\u0027, modelo\u003d\u0027Benitocamelo\u0027 codigoGerador\u003d 0162455216\u0027, costo\u003d\u002722.0\u0027, consumoComustible\u003d\u002722.0\u0027, enegeriaGenerada\u003d\u002722.0\u0027, uso\u003d\u0027COMERCIAL\u0027}"},{"id":20,"tipoDeCrud":"UPDATE","horaFecha":"2024-12-03 15:53:34","mensaje":"Generador actutalizado con extio: { id\u003d\u00273\u0027, modelo\u003d\u0027Generador 3\u0027 codigoGerador\u003d 0162455216\u0027, costo\u003d\u002722.0\u0027, consumoComustible\u003d\u002722.0\u0027, enegeriaGenerada\u003d\u002722.0\u0027, uso\u003d\u0027DOMESTICO\u0027}"},{"id":21,"tipoDeCrud":"READ","horaFecha":"2024-12-03 15:53:37","mensaje":"Generador leido con exito: { id\u003d\u00274\u0027, modelo\u003d\u0027Yamil\u0027 codigoGerador\u003d 0062455256\u0027, costo\u003d\u002723.1\u0027, consumoComustible\u003d\u002712.32\u0027, enegeriaGenerada\u003d\u00272231.1\u0027, uso\u003d\u0027DOMESTICO\u0027}"},{"id":22,"tipoDeCrud":"UPDATE","horaFecha":"2024-12-03 15:53:41","mensaje":"Generador actutalizado con extio: { id\u003d\u00274\u0027, modelo\u003d\u0027Generador 4\u0027 codigoGerador\u003d 0062455256\u0027, costo\u003d\u002723.1\u0027, consumoComustible\u003d\u002712.32\u0027, enegeriaGenerada\u003d\u00272231.1\u0027, uso\u003d\u0027DOMESTICO\u0027}"},{"id":23,"tipoDeCrud":"READ","horaFecha":"2024-12-03 15:53:47","mensaje":"Generador leido con exito: { id\u003d\u00272\u0027, modelo\u003d\u0027Generador 2\u0027 codigoGerador\u003d 0662455216\u0027, costo\u003d\u0027533.57\u0027, consumoComustible\u003d\u00273.0\u0027, enegeriaGenerada\u003d\u0027153.0\u0027, uso\u003d\u0027DOMESTICO\u0027}"},{"id":24,"tipoDeCrud":"UPDATE","horaFecha":"2024-12-03 15:53:50","mensaje":"Generador actutalizado con extio: { id\u003d\u00272\u0027, modelo\u003d\u0027Generador 2\u0027 codigoGerador\u003d 0662455216\u0027, costo\u003d\u0027533.57\u0027, consumoComustible\u003d\u00273.0\u0027, enegeriaGenerada\u003d\u0027153.0\u0027, uso\u003d\u0027INDUSTRIAL\u0027}"},{"id":25,"tipoDeCrud":"READ","horaFecha":"2024-12-03 15:53:54","mensaje":"Generador leido con exito: { id\u003d\u00274\u0027, modelo\u003d\u0027Generador 4\u0027 codigoGerador\u003d 0062455256\u0027, costo\u003d\u002723.1\u0027, consumoComustible\u003d\u002712.32\u0027, enegeriaGenerada\u003d\u00272231.1\u0027, uso\u003d\u0027DOMESTICO\u0027}"},{"id":26,"tipoDeCrud":"UPDATE","horaFecha":"2024-12-03 15:53:57","mensaje":"Generador actutalizado con extio: { id\u003d\u00274\u0027, modelo\u003d\u0027Generador 4\u0027 codigoGerador\u003d 0062455256\u0027, costo\u003d\u002723.1\u0027, consumoComustible\u003d\u002712.32\u0027, enegeriaGenerada\u003d\u00272231.1\u0027, uso\u003d\u0027COMERCIAL\u0027}"},{"id":27,"tipoDeCrud":"READ","horaFecha":"2024-12-03 15:54:01","mensaje":"Generador leido con exito: { id\u003d\u00275\u0027, modelo\u003d\u0027Khaw\u0027 codigoGerador\u003d 0562455216\u0027, costo\u003d\u00272932.0\u0027, consumoComustible\u003d\u0027231.94\u0027, enegeriaGenerada\u003d\u0027438.2\u0027, uso\u003d\u0027INDUSTRIAL\u0027}"},{"id":28,"tipoDeCrud":"READ","horaFecha":"2024-12-03 15:54:47","mensaje":"Generador leido con exito: { id\u003d\u00275\u0027, modelo\u003d\u0027Khaw\u0027 codigoGerador\u003d 0562455216\u0027, costo\u003d\u00272932.0\u0027, consumoComustible\u003d\u0027231.94\u0027, enegeriaGenerada\u003d\u0027438.2\u0027, uso\u003d\u0027INDUSTRIAL\u0027}"},{"id":29,"tipoDeCrud":"READ","horaFecha":"2024-12-03 15:54:57","mensaje":"Generador leido con exito: { id\u003d\u00275\u0027, modelo\u003d\u0027Khaw\u0027 codigoGerador\u003d 0562455216\u0027, costo\u003d\u00272932.0\u0027, consumoComustible\u003d\u0027231.94\u0027, enegeriaGenerada\u003d\u0027438.2\u0027, uso\u003d\u0027INDUSTRIAL\u0027}"},{"id":30,"tipoDeCrud":"UPDATE","horaFecha":"2024-12-03 15:55:10","mensaje":"Generador actutalizado con extio: { id\u003d\u00275\u0027, modelo\u003d\u0027Generador 5\u0027 codigoGerador\u003d 0562455216\u0027, costo\u003d\u00272932.0\u0027, consumoComustible\u003d\u0027231.94\u0027, enegeriaGenerada\u003d\u0027438.2\u0027, uso\u003d\u0027INDUSTRIAL\u0027}"},{"id":31,"tipoDeCrud":"READ","horaFecha":"2024-12-03 15:55:28","mensaje":"Generador leido con exito: { id\u003d\u00276\u0027, modelo\u003d\u0027generador pipiolo\u0027 codigoGerador\u003d 0147242566\u0027, costo\u003d\u0027533.5\u0027, consumoComustible\u003d\u00273.0\u0027, enegeriaGenerada\u003d\u0027153.0\u0027, uso\u003d\u0027COMERCIAL\u0027}"},{"id":32,"tipoDeCrud":"UPDATE","horaFecha":"2024-12-03 15:55:36","mensaje":"Generador actutalizado con extio: { id\u003d\u00276\u0027, modelo\u003d\u0027Generador 6\u0027 codigoGerador\u003d 0147242566\u0027, costo\u003d\u0027533.5\u0027, consumoComustible\u003d\u00273.0\u0027, enegeriaGenerada\u003d\u0027153.0\u0027, uso\u003d\u0027COMERCIAL\u0027}"},{"id":33,"tipoDeCrud":"READ","horaFecha":"2024-12-03 15:55:39","mensaje":"Generador leido con exito: { id\u003d\u00277\u0027, modelo\u003d\u0027Proyecto2\u0027 codigoGerador\u003d 0138242566\u0027, costo\u003d\u00272121.0\u0027, consumoComustible\u003d\u00272323.0\u0027, enegeriaGenerada\u003d\u002721.0\u0027, uso\u003d\u0027DOMESTICO\u0027}"},{"id":34,"tipoDeCrud":"UPDATE","horaFecha":"2024-12-03 15:55:45","mensaje":"Generador actutalizado con extio: { id\u003d\u00277\u0027, modelo\u003d\u0027Generador 6\u0027 codigoGerador\u003d 0138242566\u0027, costo\u003d\u00272121.0\u0027, consumoComustible\u003d\u00272323.0\u0027, enegeriaGenerada\u003d\u002721.0\u0027, uso\u003d\u0027DOMESTICO\u0027}"},{"id":35,"tipoDeCrud":"READ","horaFecha":"2024-12-03 15:55:48","mensaje":"Generador leido con exito: { id\u003d\u00277\u0027, modelo\u003d\u0027Generador 6\u0027 codigoGerador\u003d 0138242566\u0027, costo\u003d\u00272121.0\u0027, consumoComustible\u003d\u00272323.0\u0027, enegeriaGenerada\u003d\u002721.0\u0027, uso\u003d\u0027DOMESTICO\u0027}"},{"id":36,"tipoDeCrud":"UPDATE","horaFecha":"2024-12-03 15:55:51","mensaje":"Generador actutalizado con extio: { id\u003d\u00277\u0027, modelo\u003d\u0027Generador 7\u0027 codigoGerador\u003d 0138242566\u0027, costo\u003d\u00272121.0\u0027, consumoComustible\u003d\u00272323.0\u0027, enegeriaGenerada\u003d\u002721.0\u0027, uso\u003d\u0027DOMESTICO\u0027}"},{"id":37,"tipoDeCrud":"READ","horaFecha":"2024-12-03 15:55:56","mensaje":"Generador leido con exito: { id\u003d\u00278\u0027, modelo\u003d\u0027YAKU\u0027 codigoGerador\u003d 0062455216\u0027, costo\u003d\u002733.0\u0027, consumoComustible\u003d\u0027213.0\u0027, enegeriaGenerada\u003d\u002738.0\u0027, uso\u003d\u0027INDUSTRIAL\u0027}"},{"id":38,"tipoDeCrud":"UPDATE","horaFecha":"2024-12-03 15:56:03","mensaje":"Generador actutalizado con extio: { id\u003d\u00278\u0027, modelo\u003d\u0027Generador 8\u0027 codigoGerador\u003d 0062455216\u0027, costo\u003d\u002733.0\u0027, consumoComustible\u003d\u0027213.0\u0027, enegeriaGenerada\u003d\u002738.0\u0027, uso\u003d\u0027INDUSTRIAL\u0027}"},{"id":39,"tipoDeCrud":"READ","horaFecha":"2024-12-03 15:56:06","mensaje":"Generador leido con exito: { id\u003d\u00279\u0027, modelo\u003d\u0027eeeee\u0027 codigoGerador\u003d 0062555416\u0027, costo\u003d\u002733333.0\u0027, consumoComustible\u003d\u00273333.0\u0027, enegeriaGenerada\u003d\u002733333.0\u0027, uso\u003d\u0027INDUSTRIAL\u0027}"},{"id":40,"tipoDeCrud":"UPDATE","horaFecha":"2024-12-03 15:56:13","mensaje":"Generador actutalizado con extio: { id\u003d\u00279\u0027, modelo\u003d\u0027Generador 9\u0027 codigoGerador\u003d 0062555416\u0027, costo\u003d\u002733333.0\u0027, consumoComustible\u003d\u00273333.0\u0027, enegeriaGenerada\u003d\u002733333.0\u0027, uso\u003d\u0027INDUSTRIAL\u0027}"},{"id":41,"tipoDeCrud":"READ","horaFecha":"2024-12-03 15:56:16","mensaje":"Generador leido con exito: { id\u003d\u002710\u0027, modelo\u003d\u0027Prueba1Atomico\u0027 codigoGerador\u003d 0137242566\u0027, costo\u003d\u002721231.0\u0027, consumoComustible\u003d\u00271231.0\u0027, enegeriaGenerada\u003d\u0027122.0\u0027, uso\u003d\u0027INDUSTRIAL\u0027}"},{"id":42,"tipoDeCrud":"UPDATE","horaFecha":"2024-12-03 15:56:25","mensaje":"Generador actutalizado con extio: { id\u003d\u002710\u0027, modelo\u003d\u0027Generador 10\u0027 codigoGerador\u003d 0137242566\u0027, costo\u003d\u002721231.0\u0027, consumoComustible\u003d\u00271231.0\u0027, enegeriaGenerada\u003d\u0027122.0\u0027, uso\u003d\u0027COMERCIAL\u0027}"},{"id":43,"tipoDeCrud":"READ","horaFecha":"2024-12-03 15:56:29","mensaje":"Generador leido con exito: { id\u003d\u002711\u0027, modelo\u003d\u0027Pepito\u0027 codigoGerador\u003d 0062555216\u0027, costo\u003d\u00273333.5\u0027, consumoComustible\u003d\u00273.21\u0027, enegeriaGenerada\u003d\u002734.0\u0027, uso\u003d\u0027COMERCIAL\u0027}"},{"id":44,"tipoDeCrud":"UPDATE","horaFecha":"2024-12-03 15:56:36","mensaje":"Generador actutalizado con extio: { id\u003d\u002711\u0027, modelo\u003d\u0027Generador 11\u0027 codigoGerador\u003d 0062555216\u0027, costo\u003d\u00273333.5\u0027, consumoComustible\u003d\u00273.21\u0027, enegeriaGenerada\u003d\u002734.0\u0027, uso\u003d\u0027COMERCIAL\u0027}"},{"id":45,"tipoDeCrud":"READ","horaFecha":"2024-12-03 15:56:40","mensaje":"Generador leido con exito: { id\u003d\u002712\u0027, modelo\u003d\u0027Yamaha-354\u0027 codigoGerador\u003d 0079459328\u0027, costo\u003d\u0027222.0\u0027, consumoComustible\u003d\u0027123.0\u0027, enegeriaGenerada\u003d\u0027132.0\u0027, uso\u003d\u0027COMERCIAL\u0027}"},{"id":46,"tipoDeCrud":"UPDATE","horaFecha":"2024-12-03 15:56:47","mensaje":"Generador actutalizado con extio: { id\u003d\u002712\u0027, modelo\u003d\u0027Generador 12\u0027 codigoGerador\u003d 0079459328\u0027, costo\u003d\u0027222.0\u0027, consumoComustible\u003d\u0027123.0\u0027, enegeriaGenerada\u003d\u0027132.0\u0027, uso\u003d\u0027DOMESTICO\u0027}"},{"id":47,"tipoDeCrud":"CREATE","horaFecha":"2024-12-03 15:57:04","mensaje":"Generador creada con exito: { id\u003d\u0027null\u0027, modelo\u003d\u0027Generador 13\u0027 codigoGerador\u003d 0105146807\u0027, costo\u003d\u0027322.42\u0027, consumoComustible\u003d\u0027122.0\u0027, enegeriaGenerada\u003d\u0027293.5\u0027, uso\u003d\u0027DOMESTICO\u0027}"},{"id":48,"tipoDeCrud":"CREATE","horaFecha":"2024-12-03 15:57:22","mensaje":"Generador creada con exito: { id\u003d\u0027null\u0027, modelo\u003d\u0027Generador 14\u0027 codigoGerador\u003d 0105241386\u0027, costo\u003d\u00272214.5\u0027, consumoComustible\u003d\u002722.5\u0027, enegeriaGenerada\u003d\u0027125.2\u0027, uso\u003d\u0027DOMESTICO\u0027}"},{"id":49,"tipoDeCrud":"CREATE","horaFecha":"2024-12-03 15:57:41","mensaje":"Generador creada con exito: { id\u003d\u0027null\u0027, modelo\u003d\u0027Generador 15\u0027 codigoGerador\u003d 0105319214\u0027, costo\u003d\u00279284.0\u0027, consumoComustible\u003d\u0027421.58\u0027, enegeriaGenerada\u003d\u00274212.21\u0027, uso\u003d\u0027DOMESTICO\u0027}"},{"id":50,"tipoDeCrud":"READ","horaFecha":"2024-12-03 15:57:45","mensaje":"Generador leido con exito: { id\u003d\u002715\u0027, modelo\u003d\u0027Generador 15\u0027 codigoGerador\u003d 0105319214\u0027, costo\u003d\u00279284.0\u0027, consumoComustible\u003d\u0027421.58\u0027, enegeriaGenerada\u003d\u00274212.21\u0027, uso\u003d\u0027DOMESTICO\u0027}"},{"id":51,"tipoDeCrud":"UPDATE","horaFecha":"2024-12-03 15:57:48","mensaje":"Generador actutalizado con extio: { id\u003d\u002715\u0027, modelo\u003d\u0027Generador 15\u0027 codigoGerador\u003d 0105319214\u0027, costo\u003d\u00279284.0\u0027, consumoComustible\u003d\u0027421.58\u0027, enegeriaGenerada\u003d\u00274212.21\u0027, uso\u003d\u0027INDUSTRIAL\u0027}"},{"id":52,"tipoDeCrud":"CREATE","horaFecha":"2024-12-03 19:03:01","mensaje":"Familia creada con exito:{ id\u003d\u00279\u0027, nroIntegrantes\u003d\u002733\u0027, nombreFamilia\u003d\u0027JFAMILIA\u0027, saldo\u003d\u00271235.1\u0027}"},{"id":53,"tipoDeCrud":"READ","horaFecha":"2024-12-03 19:03:50","mensaje":"Familia realizada con exito:{ id\u003d\u00279\u0027, nroIntegrantes\u003d\u002733\u0027, nombreFamilia\u003d\u0027JFAMILIA\u0027, saldo\u003d\u00271235.1\u0027}"},{"id":54,"tipoDeCrud":"UPDATE","horaFecha":"2024-12-03 19:03:57","mensaje":"Familia actualizada con exito: { id\u003d\u00279\u0027, nroIntegrantes\u003d\u002733\u0027, nombreFamilia\u003d\u0027JFamilia\u0027, saldo\u003d\u00271235.1\u0027}"},{"id":55,"tipoDeCrud":"CREATE","horaFecha":"2024-12-03 19:04:11","mensaje":"Familia creada con exito:{ id\u003d\u002710\u0027, nroIntegrantes\u003d\u00274\u0027, nombreFamilia\u003d\u0027KFamilia\u0027, saldo\u003d\u00272314.2\u0027}"},{"id":56,"tipoDeCrud":"CREATE","horaFecha":"2024-12-03 19:04:26","mensaje":"Familia creada con exito:{ id\u003d\u002711\u0027, nroIntegrantes\u003d\u002722\u0027, nombreFamilia\u003d\u0027LFamilia\u0027, saldo\u003d\u0027123.2\u0027}"},{"id":57,"tipoDeCrud":"READ","horaFecha":"2024-12-03 19:04:40","mensaje":"Familia realizada con exito:{ id\u003d\u00277\u0027, nroIntegrantes\u003d\u002712\u0027, nombreFamilia\u003d\u0027HFamilia\u0027, saldo\u003d\u0027323232.0\u0027}"},{"id":58,"tipoDeCrud":"UPDATE","horaFecha":"2024-12-03 19:04:43","mensaje":"Familia actualizada con exito: { id\u003d\u00277\u0027, nroIntegrantes\u003d\u002712\u0027, nombreFamilia\u003d\u0027GFamilia\u0027, saldo\u003d\u0027323232.0\u0027}"},{"id":59,"tipoDeCrud":"READ","horaFecha":"2024-12-03 19:04:46","mensaje":"Familia realizada con exito:{ id\u003d\u00278\u0027, nroIntegrantes\u003d\u002712313\u0027, nombreFamilia\u003d\u0027IFamilia\u0027, saldo\u003d\u0027222.0\u0027}"},{"id":60,"tipoDeCrud":"UPDATE","horaFecha":"2024-12-03 19:04:49","mensaje":"Familia actualizada con exito: { id\u003d\u00278\u0027, nroIntegrantes\u003d\u002712313\u0027, nombreFamilia\u003d\u0027HFamilia\u0027, saldo\u003d\u0027222.0\u0027}"},{"id":61,"tipoDeCrud":"READ","horaFecha":"2024-12-03 19:04:53","mensaje":"Familia realizada con exito:{ id\u003d\u00279\u0027, nroIntegrantes\u003d\u002733\u0027, nombreFamilia\u003d\u0027JFamilia\u0027, saldo\u003d\u00271235.1\u0027}"},{"id":62,"tipoDeCrud":"UPDATE","horaFecha":"2024-12-03 19:04:56","mensaje":"Familia actualizada con exito: { id\u003d\u00279\u0027, nroIntegrantes\u003d\u002733\u0027, nombreFamilia\u003d\u0027IFamilia\u0027, saldo\u003d\u00271235.1\u0027}"},{"id":63,"tipoDeCrud":"READ","horaFecha":"2024-12-03 19:05:03","mensaje":"Familia realizada con exito:{ id\u003d\u002710\u0027, nroIntegrantes\u003d\u00274\u0027, nombreFamilia\u003d\u0027KFamilia\u0027, saldo\u003d\u00272314.2\u0027}"},{"id":64,"tipoDeCrud":"UPDATE","horaFecha":"2024-12-03 19:05:05","mensaje":"Familia actualizada con exito: { id\u003d\u002710\u0027, nroIntegrantes\u003d\u00274\u0027, nombreFamilia\u003d\u0027JFamilia\u0027, saldo\u003d\u00272314.2\u0027}"},{"id":65,"tipoDeCrud":"READ","horaFecha":"2024-12-03 19:05:07","mensaje":"Familia realizada con exito:{ id\u003d\u002711\u0027, nroIntegrantes\u003d\u002722\u0027, nombreFamilia\u003d\u0027LFamilia\u0027, saldo\u003d\u0027123.2\u0027}"},{"id":66,"tipoDeCrud":"UPDATE","horaFecha":"2024-12-03 19:05:12","mensaje":"Familia actualizada con exito: { id\u003d\u002711\u0027, nroIntegrantes\u003d\u002722\u0027, nombreFamilia\u003d\u0027KFamilia\u0027, saldo\u003d\u0027123.2\u0027}"},{"id":67,"tipoDeCrud":"CREATE","horaFecha":"2024-12-03 19:05:25","mensaje":"Familia creada con exito:{ id\u003d\u002712\u0027, nroIntegrantes\u003d\u00275\u0027, nombreFamilia\u003d\u0027LFamilia\u0027, saldo\u003d\u0027593.2\u0027}"},{"id":68,"tipoDeCrud":"CREATE","horaFecha":"2024-12-03 19:05:42","mensaje":"Familia creada con exito:{ id\u003d\u002713\u0027, nroIntegrantes\u003d\u00279\u0027, nombreFamilia\u003d\u0027MFamilia\u0027, saldo\u003d\u0027860.43\u0027}"},{"id":69,"tipoDeCrud":"CREATE","horaFecha":"2024-12-03 19:06:06","mensaje":"Familia creada con exito:{ id\u003d\u002714\u0027, nroIntegrantes\u003d\u00271\u0027, nombreFamilia\u003d\u0027NFamilia\u0027, saldo\u003d\u00279605.3\u0027}"},{"id":70,"tipoDeCrud":"CREATE","horaFecha":"2024-12-03 19:06:21","mensaje":"Familia creada con exito:{ id\u003d\u002715\u0027, nroIntegrantes\u003d\u00278\u0027, nombreFamilia\u003d\u0027OFamilia\u0027, saldo\u003d\u00279504.3\u0027}"},{"id":71,"tipoDeCrud":"CREATE","horaFecha":"2024-12-03 23:20:25","mensaje":"Generador creada con exito: { id\u003d\u0027null\u0027, modelo\u003d\u0027AGenerador\u0027 codigoGerador\u003d 0098401771\u0027, costo\u003d\u002722.0\u0027, consumoComustible\u003d\u002722.0\u0027, enegeriaGenerada\u003d\u002722.0\u0027, uso\u003d\u0027COMERCIAL\u0027}"},{"id":72,"tipoDeCrud":"CREATE","horaFecha":"2024-12-03 23:21:35","mensaje":"Familia creada con exito:{ id\u003d\u002716\u0027, nroIntegrantes\u003d\u0027123\u0027, nombreFamilia\u003d\u0027AFamilia\u0027, saldo\u003d\u002722.0\u0027}"},{"id":73,"tipoDeCrud":"READ","horaFecha":"2024-12-05 20:43:17","mensaje":"Generador leido con exito: { id\u003d\u00275\u0027, modelo\u003d\u0027EGenerador\u0027 codigoGerador\u003d 0562455216\u0027, costo\u003d\u00272932.0\u0027, consumoComustible\u003d\u0027231.94\u0027, enegeriaGenerada\u003d\u0027438.2\u0027, uso\u003d\u0027INDUSTRIAL\u0027}"},{"id":74,"tipoDeCrud":"UPDATE","horaFecha":"2024-12-05 20:43:24","mensaje":"Generador actutalizado con extio: { id\u003d\u00275\u0027, modelo\u003d\u0027EGenerador\u0027 codigoGerador\u003d 0562455216\u0027, costo\u003d\u00272932.34\u0027, consumoComustible\u003d\u0027231.94\u0027, enegeriaGenerada\u003d\u0027438.2\u0027, uso\u003d\u0027INDUSTRIAL\u0027}"}]